epoch,steps,cosine-Accuracy@1,cosine-Accuracy@5,cosine-Accuracy@10,cosine-Precision@1,cosine-Recall@1,cosine-Precision@3,cosine-Recall@3,cosine-Precision@5,cosine-Recall@5,cosine-Precision@10,cosine-Recall@10,cosine-MRR@5,cosine-MRR@10,cosine-NDCG@5,cosine-NDCG@10,cosine-MAP@100
1.0,3,0.3333333333333333,1.0,1.0,0.3333333333333333,0.3333333333333333,0.31249999999999994,0.9375,0.19999999999999998,1.0,0.09999999999999999,1.0,0.6197916666666666,0.6197916666666666,0.7168880155343612,0.7168880155343612,0.6197916666666666
2.0,6,0.4375,1.0,1.0,0.4375,0.4375,0.32638888888888884,0.9791666666666666,0.19999999999999998,1.0,0.09999999999999999,1.0,0.6857638888888887,0.6857638888888887,0.7664044192158257,0.7664044192158257,0.685763888888889
3.0,9,0.5416666666666666,1.0,1.0,0.5416666666666666,0.5416666666666666,0.3333333333333333,1.0,0.19999999999999998,1.0,0.09999999999999999,1.0,0.7465277777777777,0.7465277777777777,0.8117488813244139,0.8117488813244139,0.7465277777777778
4.0,12,0.6041666666666666,1.0,1.0,0.6041666666666666,0.6041666666666666,0.3333333333333333,1.0,0.19999999999999998,1.0,0.09999999999999999,1.0,0.7847222222222223,0.7847222222222223,0.8402711781250085,0.8402711781250085,0.7847222222222223
5.0,15,0.625,1.0,1.0,0.625,0.625,0.3333333333333333,1.0,0.19999999999999998,1.0,0.09999999999999999,1.0,0.795138888888889,0.795138888888889,0.8479601415922698,0.8479601415922698,0.795138888888889
6.0,18,0.6666666666666666,1.0,1.0,0.6666666666666666,0.6666666666666666,0.3333333333333333,1.0,0.19999999999999998,1.0,0.09999999999999999,1.0,0.8159722222222223,0.8159722222222223,0.8633380685267924,0.8633380685267924,0.8159722222222222
7.0,21,0.6875,1.0,1.0,0.6875,0.6875,0.3333333333333333,1.0,0.19999999999999998,1.0,0.09999999999999999,1.0,0.826388888888889,0.826388888888889,0.8710270319940537,0.8710270319940537,0.8263888888888888
8.0,24,0.6875,1.0,1.0,0.6875,0.6875,0.3333333333333333,1.0,0.19999999999999998,1.0,0.09999999999999999,1.0,0.826388888888889,0.826388888888889,0.8710270319940537,0.8710270319940537,0.8263888888888888
